SKU_ID,Product_Name,Recommendations
SKU001,Product_A,Increase production capability to High; reduce current price to $98; implement promotional discounts and increase marketing efforts in high-demand regions.
SKU002,Product_B,Increase production capability to High; reduce current price to $140; implement promotional discounts and enhance marketing efforts in high-demand regions.
SKU003,Product_C,Increase production capability to Medium; reduce current price to $195; implement promotional discounts and targeted marketing in high-demand regions.
SKU004,Product_D,Increase production capability to High; adjust price to $245 to stay competitive; implement promotional discounts and enhance marketing efforts in high-demand regions.
SKU005,Product_E,Increase production capability to High; adjust price to $298 to stay competitive; implement promotional discounts and targeted marketing in high-demand regions.
SKU006,Product_F,Increase production capability to High; reduce current price to $105; implement promotional discounts and enhance marketing efforts in high-demand regions.
SKU007,Product_G,Increase production capability to Medium; adjust price to $178 to stay competitive; implement targeted marketing and promotional discounts to boost sales volume.
SKU008,Product_H,Increase production capability to High; reduce current price to $210; implement promotional discounts and increase marketing efforts in high-demand regions.
SKU009,Product_I,Increase production capability to High; reduce current price to $265; implement promotional discounts and targeted marketing in high-demand regions.
SKU010,Product_J,Increase production capability to Medium; adjust price to $315 to stay competitive; implement targeted marketing and promotional discounts to boost sales volume.
SKU011,Product_K,Increase production capability to High; reduce current price to $120; implement promotional discounts and enhance marketing efforts in high-demand regions.
SKU012,Product_L,Increase production capability to High; reduce current price to $160 to match competitor; implement promotional discounts and enhance marketing efforts in high-demand regions.
SKU013,Product_M,Increase production capability to High; reduce current price to $200; implement promotional discounts and increase marketing efforts in high-demand regions.
SKU014,Product_N,Increase production capability to Medium; reduce current price to $255 to match competitor; implement promotional discounts and targeted marketing in high-demand regions.
SKU015,Product_O,Increase production capability to High; reduce current price to $305; implement promotional discounts and enhance marketing efforts in high-demand regions.
SKU016,Product_P,Increase production capability to High; reduce current price to $130; implement promotional discounts and enhance marketing efforts in high-demand regions.
SKU017,Product_Q,Increase production capability to Medium; adjust price to $188 to stay competitive; implement promotional discounts and enhance marketing efforts in high-demand regions.
SKU018,Product_R,Increase production capability to High; reduce current price to $220; implement promotional discounts and targeted marketing in high-demand regions.
SKU019,Product_S,Increase production capability to High; adjust price to $275 to stay competitive; implement promotional discounts and targeted marketing in high-demand regions.
SKU020,Product_T,Increase production capability to Medium; adjust price to $325 to stay competitive; implement promotional discounts and enhance marketing efforts in high-demand regions.
SKU021,Product_U,Increase production capability to High; reduce current price to $98; implement promotional discounts and increase marketing efforts in high-demand regions.
SKU022,Product_V,Increase production capability to High; adjust price to $150 to stay competitive; implement promotional discounts and enhance marketing efforts in high-demand regions.
SKU023,Product_W,Increase production capability to Medium; reduce current price to $190; implement promotional discounts and targeted marketing in high-demand regions.
SKU024,Product_X,Increase production capability to High; adjust price to $248 to stay competitive; implement promotional discounts and targeted marketing in high-demand regions.
SKU025,Product_Y,Increase production capability to High; adjust price to $295 to stay competitive; implement promotional discounts and enhance marketing efforts in high-demand regions.
SKU026,Product_Z,Increase production capability to Medium; reduce current price to $95; implement promotional discounts and targeted marketing in high-demand regions.
SKU027,Product_AA,Increase production capability to High; reduce current price to $145; implement promotional discounts and enhance marketing efforts in high-demand regions.
SKU028,Product_BB,Increase production capability to High; reduce current price to $190; implement promotional discounts and targeted marketing in high-demand regions.
SKU029,Product_CC,Increase production capability to Medium; implement promotional discounts and targeted marketing in high-demand regions.
SKU030,Product_DD,Increase production capability to High; adjust price to $298 to stay competitive; implement promotional discounts and enhance marketing efforts in high-demand regions.
SKU031,Product_EE,Increase production capability to High; reduce current price to $110; implement promotional discounts and targeted marketing in high-demand regions.
SKU032,Product_FF,Increase production capability to Medium; reduce current price to $160; implement promotional discounts and enhance marketing efforts in high-demand regions.
SKU033,Product_GG,Increase production capability to High; reduce current price to $210; implement promotional discounts and increase marketing efforts in high-demand regions.
SKU034,Product_HH,Increase production capability to High; adjust price to $268 to stay competitive; implement promotional discounts and targeted marketing in high-demand regions.
SKU035,Product_II,Increase production capability to Medium; adjust price to $318 to stay competitive; implement promotional discounts and enhance marketing efforts in high-demand regions.
SKU036,Product_JJ,Increase production capability to High; reduce current price to $120; implement promotional discounts and enhance marketing efforts in high-demand regions.
SKU037,Product_KK,Increase production capability to High; adjust price to $178 to stay competitive; implement promotional discounts and enhance marketing efforts in high-demand regions.
SKU038,Product_LL,Increase production capability to Medium; reduce current price to $220; implement promotional discounts and targeted marketing in high-demand regions.
SKU039,Product_MM,Increase production capability to High; adjust price to $278 to stay competitive; implement promotional discounts and targeted marketing in high-demand regions.
SKU040,Product_NN,Increase production capability to High; reduce current price to $320; implement promotional discounts and enhance marketing efforts in high-demand regions.
SKU041,Product_OO,Increase production capability to Medium; reduce current price to $130; implement promotional discounts and targeted marketing in high-demand regions.
SKU042,Product_PP,Increase production capability to High; reduce current price to $180; implement promotional discounts and enhance marketing efforts in high-demand regions.
SKU043,Product_QQ,Increase production capability to High; reduce current price to $230; implement promotional discounts and increase marketing efforts in high-demand regions.
SKU044,Product_RR,Increase production capability to Medium; adjust price to $285 to match competitor; implement promotional discounts and targeted marketing in high-demand regions.
SKU045,Product_SS,Increase production capability to High; reduce current price to $330; implement promotional discounts and enhance marketing efforts in high-demand regions.
SKU046,Product_TT,Increase production capability to High; reduce current price to $98; implement promotional discounts and increase marketing efforts in high-demand regions.
SKU047,Product_UU,Increase production capability to Medium; adjust price to $158; implement targeted marketing and promotional discounts in high-demand regions.
SKU048,Product_VV,Increase production capability to High; reduce current price to $200; implement promotional discounts and targeted marketing in high-demand regions.
SKU049,Product_WW,Increase production capability to High; reduce current price to $250; implement promotional discounts and enhance marketing efforts in high-demand regions.
SKU050,Product_XX,Increase production capability to Medium; adjust price to $308 to stay competitive; implement promotional discounts and enhance marketing efforts in high-demand regions.
